customer_id,customer_name,customer_email,join_date
1,Tina Jones,navarrorebecca@ryan.org,2020-08-22
2,Jaclyn Frye,sarah15@rodriguez.com,2019-05-15
3,Margaret Phillips,raymondcrystal@yahoo.com,2022-11-05
4,Priscilla Mckay,tammymejia@yahoo.com,2021-04-02
5,Karina Bradley,pstanley@lowe.com,2019-10-07
6,Michael Vang,alynch@hotmail.com,2021-11-05
7,Allison Gonzalez,laura02@hotmail.com,2020-12-17
8,Paige Montgomery,robin84@williams.com,2019-06-26
9,Michael Bailey,kirk04@bonilla.com,2021-11-08
10,Christopher Watson,jennifer77@best.info,2023-02-01
11,Zoe Carter,john09@king.biz,2019-12-28
12,Mary Martinez,collinseileen@thompson-martinez.com,2019-06-16
13,Laura Chavez,jennifer37@moore.org,2021-05-27
14,Brad Francis,kristenparks@hotmail.com,2022-04-28
15,Shannon Sutton,bsilva@gmail.com,2020-04-18
16,Michael Galloway,ethomas@gillespie.com,2022-05-08
17,Yolanda Turner,tcastillo@andrade.info,2019-09-07
18,Brittany Miller,nicholas95@kemp.net,2023-08-10
19,John Middleton,ryancraig@hotmail.com,2022-02-12
20,Anna Lyons,gabriel34@hotmail.com,2020-01-30
21,Daniel Rodriguez,qedwards@yahoo.com,2020-08-22
22,Kathryn Dalton,toddwilliams@davis.biz,2022-08-03
23,Robin Robertson MD,kduncan@hotmail.com,2023-10-12
24,Cody Mcclain,scottmorgan@gmail.com,2019-08-09
25,Anthony Anderson,xedwards@hotmail.com,2022-11-02
26,Phillip Reeves,patriciaanderson@gmail.com,2021-03-21
27,Michael Yates,richardmichael@martinez.org,2022-12-19
28,David Murphy,zmarshall@hotmail.com,2020-05-19
29,Christopher Gomez,hanthony@chang-jennings.org,2020-07-07
30,Alexandra Reynolds,wwilliams@martin-patel.biz,2023-05-17
31,Amanda Elliott,stephencasey@gmail.com,2022-04-14
32,Amber Anderson,michaeldeleon@hendrix.org,2023-06-18
33,Caitlin Lewis,ibennett@warner.com,2024-02-21
34,Darren Kelly,kevin59@hotmail.com,2023-01-26
35,Nicholas Pierce,jerry29@tucker.com,2022-07-16
36,Ian Williamson,matthewmartinez@gmail.com,2021-08-30
37,Jared Watson,mark64@hotmail.com,2022-05-14
38,Terri Mcdonald,ryancathy@nunez.org,2020-08-07
39,Stephanie Frank,cheryl15@thompson.com,2019-05-27
40,Beth Perez,millerjeffrey@gmail.com,2023-12-03
41,Joseph Ferguson,tiffany79@taylor.info,2024-01-09
42,Jessica Parker,pearsonlinda@terry.com,2020-02-21
43,Gregory Garcia,coxjeffrey@yahoo.com,2021-04-01
44,Leslie Deleon,claudia19@martinez-beltran.com,2021-11-25
45,Cynthia Perez,dawn68@smith.com,2021-08-23
46,John Floyd,john24@arnold.com,2019-06-12
47,Michael Morgan,slewis@best.com,2019-08-28
48,Lauren Flynn,jennifer95@gmail.com,2019-10-06
49,Jason Morrison,jamesmiller@reyes.com,2022-01-21
50,Michelle Moran,trivera@anderson-calderon.com,2021-07-04
51,Sara Gonzalez,tsmall@day.com,2020-08-19
52,Jane Hall,jarnold@peterson-scott.com,2021-06-19
53,Victoria Ramirez,brooksjillian@yahoo.com,2023-12-19
54,Lindsay Barber,dmartinez@yahoo.com,2020-07-02
55,Shawn Rivera,jamesfoley@hall-palmer.com,2020-02-06
56,Lauren Howe,mjohnson@gutierrez.com,2020-11-09
57,Marvin Cox,ericahardy@huynh.com,2024-04-11
58,John Gray,tina63@jones.biz,2019-05-11
59,Barbara Munoz,lucasflynn@ayala.org,2020-08-04
60,Donna Garcia,wmartinez@bishop.com,2023-06-23
61,Brooke Johnson,stevensadam@park-greene.biz,2024-03-01
62,Thomas Barnett,hperez@lewis.net,2022-09-27
63,Bryan Brandt,johnathanjones@gmail.com,2021-08-04
64,Kathryn Cameron,livingstonlisa@lee-brown.net,2022-01-02
65,Karen Kidd,rmartin@gmail.com,2020-11-28
66,Matthew Bell,leekyle@yahoo.com,2020-06-05
67,Debra Hunter,joshua41@mcbride.biz,2021-12-18
68,Timothy Smith,gonzalezbrenda@reeves-anderson.biz,2022-10-24
69,Shaun Merritt,palmerrobert@reed-wells.com,2021-02-15
70,Diana Shannon,mejiatravis@weaver.com,2023-09-06
71,Christopher Duncan,andrew49@gmail.com,2019-12-22
72,Lisa Cortez,ericthompson@davis-patton.info,2024-01-28
73,Judy Miller,nicholashayes@ramirez.com,2022-04-16
74,Morgan Perry,melissarobinson@gmail.com,2020-06-11
75,Samantha Kelly,gregorydavid@ingram.com,2019-05-05
76,Caleb Patterson,mitchellgilmore@wheeler-goodman.info,2020-09-12
77,Carolyn Joyce,richard39@gmail.com,2023-08-22
78,Barbara Shaw,patrick02@pittman-hughes.com,2020-09-03
79,Melissa Fitzgerald,belljonathan@hotmail.com,2023-04-08
80,Michelle Moyer,zhangjulia@george.biz,2019-08-23
81,Robert Johnson,molinarobert@yahoo.com,2023-05-16
82,Cheyenne Jackson,traviscooper@yahoo.com,2021-04-25
83,Adam Merritt Jr.,gflores@yahoo.com,2021-03-11
84,Crystal Mack,vfloyd@jones.net,2023-02-07
85,Stephanie Mcconnell,christianowens@mckinney.net,2020-03-31
86,Hannah Haas,dawnbaker@padilla.biz,2024-02-04
87,Christopher Ferguson,afoster@robles-mathews.biz,2020-09-20
88,Rachel Gillespie,crawfordthomas@hotmail.com,2021-05-22
89,Wendy Williams,amanda70@lyons.com,2022-12-20
90,Kathryn Harrison,christinejohnson@gardner.biz,2020-05-27
91,Kyle Leach,qmoses@anderson.com,2022-11-26
92,Gwendolyn Keith,scott02@hotmail.com,2021-09-02
93,Karen Kaufman,dickersoncrystal@hotmail.com,2023-07-18
94,Linda Soto,matthewscott@harrington.com,2020-01-21
95,Kenneth Jacobs,danielsdonald@key.com,2020-10-31
96,Elizabeth Peterson,acook@nelson.com,2023-06-24
97,Jonathan Harrell,garciajessica@hendricks.org,2020-09-09
98,Lori Schultz,marcustaylor@gmail.com,2024-04-16
99,Lori Thompson,glendamcdonald@gmail.com,2023-12-17
100,Kevin Perez,myork@edwards.com,2022-09-03
101,Mike Ramsey,leah35@knapp.net,2021-12-13
102,Jessica Lee,newmansheila@alexander.com,2023-06-10
103,Jennifer Blanchard,jharris@gmail.com,2019-12-28
104,Seth Myers,lisa98@harvey.info,2020-03-19
105,James Snow,leah87@martin.com,2019-08-15
106,Miguel Moss,davidmills@yahoo.com,2020-05-05
107,Melvin Butler,elizabeth78@hotmail.com,2024-01-27
108,Jacob Frazier,susan64@dawson.biz,2023-06-18
109,Amy Richards,sean88@brock.org,2024-02-05
110,Dr. Crystal Jackson,sjohnson@lee.com,2023-10-01
111,Mark Carroll,nchavez@hotmail.com,2023-09-28
112,Brianna Hall,jsmith@wolfe-ryan.net,2020-09-02
113,Steven Smith,bterrell@hotmail.com,2021-10-30
114,Corey Rodriguez,mhiggins@hancock-gibson.com,2023-03-21
115,Zoe Ward,isilva@gmail.com,2019-09-11
116,Nathan Miller,scottchristina@clarke.com,2019-06-02
117,Debbie Potts,cheryl21@hotmail.com,2020-01-19
118,Theresa Reilly,williamsmary@hotmail.com,2021-07-17
119,Ryan Salazar,joyce17@hotmail.com,2020-03-10
120,Heather Cummings,beltranjustin@jenkins.com,2020-07-05
121,Jennifer Crawford,juliehubbard@hotmail.com,2022-09-10
122,Gloria Acosta,ericaperez@gmail.com,2023-03-20
123,Brian Collins,andreschung@young-bryant.com,2023-06-29
124,David Joseph,bhardy@yahoo.com,2021-04-02
125,Meghan Lee,burtonheather@hester-miller.com,2022-02-26
126,Lindsey Stephenson,guzmanpaige@smith.net,2022-10-30
127,Peter Anderson,escott@stein-cobb.com,2020-10-21
128,Elijah Fletcher,garnold@henry-davis.com,2023-09-03
129,Alexander Zamora,theresathomas@roth.com,2024-04-15
130,Mark Bruce,vanessaclark@gmail.com,2020-10-28
131,Ryan Brown,gkennedy@yahoo.com,2019-06-23
132,Joshua Sanchez,mark84@harris-kirk.biz,2022-08-22
133,Benjamin Gonzalez,whiteangela@mcdaniel.com,2023-02-26
134,Gina Hanson,kennethhicks@yahoo.com,2021-09-17
135,Rachel Ingram,timothy73@mueller-bradford.com,2023-04-12
136,Louis Curtis,william59@adams.com,2019-08-27
137,Jennifer Lewis,christophergray@carter.com,2023-12-17
138,Thomas Arnold,tiffany01@hotmail.com,2020-07-31
139,Michele Spears,olsonjames@hotmail.com,2023-11-04
140,William Pitts,sherry54@salinas.com,2020-03-23
141,Trevor Pham,diana48@robinson.com,2023-06-23
142,Richard Carter,michaelherrera@hotmail.com,2024-03-22
143,Jacob Flores,jessicawatson@brown.com,2019-08-21
144,Margaret Rojas,perkinssteven@yahoo.com,2022-03-14
145,Clifford Elliott,jeremy48@smith-chandler.com,2020-06-08
146,William Lin,donaldclark@guzman.com,2023-01-16
147,Jamie Garcia,markgonzalez@hotmail.com,2019-12-06
148,Justin Daniel,clowery@yahoo.com,2022-07-23
149,Nathan Hardy,jamescrane@hotmail.com,2022-04-08
150,Kevin Bridges,jonesdaniel@hotmail.com,2023-09-23
151,Joshua Conley,david77@hamilton-gibson.com,2021-10-07
152,Dr. Richard Hernandez MD,tkramer@lutz-gonzalez.com,2023-12-26
153,Jeremy Lee,roger11@gmail.com,2021-09-08
154,Jay Evans,ann51@hotmail.com,2023-09-16
155,Glenn Barrett,watkinsjames@hotmail.com,2022-06-21
156,Rachel Sanders,robert15@yahoo.com,2021-03-09
157,Leah Craig,melissa11@hotmail.com,2019-09-27
158,Jason Parrish,danielfrazier@hotmail.com,2023-08-30
159,Annette Carroll,crystaldixon@hotmail.com,2019-05-02
160,Rebecca Garcia,kelly93@shah.biz,2019-12-14
161,Andrew Tran,gabrielle46@hotmail.com,2020-05-20
162,Rebecca Carter,bakerscott@barnes.com,2024-01-27
163,Kyle Mata,rodriguezjonathan@lee.com,2021-05-26
164,Jessica Morgan,akirby@hotmail.com,2019-10-23
165,Kaylee Ross,youngtanya@hernandez.biz,2021-05-05
166,Donna Hampton,hoffmansharon@yahoo.com,2019-05-06
167,Justin Rojas,qsosa@pineda-kelley.com,2022-01-04
168,Mrs. Frances Patel,sullivanjames@houston.com,2019-10-18
169,David Carpenter,rodriguezjillian@sanchez-hickman.net,2021-09-05
170,Mrs. Kari Morales DVM,stewartdonna@yahoo.com,2020-10-21
171,Julian Wright,sean37@young-leonard.com,2019-06-29
172,Eduardo Wade,granteric@hudson.biz,2023-08-26
173,Sara Thomas,zacharydiaz@dunlap.net,2023-03-15
174,Darlene Hall,andersonshirley@simmons.com,2023-08-30
175,John Cross,john58@cook.net,2021-04-26
176,Mr. Jerry Murray DVM,caseybarnes@wright.com,2019-09-14
177,Thomas Marquez,foleysheila@lee.info,2021-07-05
178,Patricia Wells,jasmine76@yahoo.com,2022-12-19
179,Lauren Roth,wilcoxdonald@yahoo.com,2021-04-08
180,Lindsey Sandoval,hallen@allen.com,2022-09-12
181,Justin Brown,thomasjose@phillips-wilson.com,2021-07-21
182,Rebecca Reed,tyler45@gross.com,2020-01-07
183,Dennis Ferguson,joseph60@stein-wallace.com,2022-12-02
184,Amanda Garrett,adriana89@shaw.info,2020-01-09
185,Tiffany Anderson,rgill@hotmail.com,2024-04-29
186,Patricia Moore,xnguyen@gmail.com,2020-02-29
187,Tyrone Ballard,sara21@cunningham-martinez.com,2022-05-26
188,Mrs. Maria Roberts,tcampbell@gmail.com,2024-04-17
189,Jamie Johnson,russellmelissa@hotmail.com,2022-09-05
190,Ruth Powell,barneslauren@yahoo.com,2021-04-07
191,Jeffrey Hernandez,adkinsbrady@webster.com,2022-06-20
192,Maria Johnson,jim47@hotmail.com,2022-10-28
193,Christian Pena,geoffrey65@steele.com,2021-04-25
194,Heidi Powell,kjenkins@wallace.com,2020-11-06
195,Sierra Arnold,qpeterson@lopez-stevens.com,2020-01-22
196,Adam Lopez,uneal@gmail.com,2021-11-27
197,Maria Butler,harpertyler@gmail.com,2020-11-27
198,Mark Cox,patrick96@lewis.com,2022-08-27
199,Matthew Jimenez,connieramirez@morse.org,2023-12-25
200,Heather Hernandez,dennis25@hotmail.com,2021-03-22
201,Adam Bryant,morenothomas@yahoo.com,2022-12-02
202,Jennifer Holloway,leonardtoni@hotmail.com,2019-10-04
203,Thomas Burnett,iramirez@bell.info,2023-01-26
204,Sarah Evans,clandry@yahoo.com,2021-01-26
205,Susan Rodriguez,erinwood@hamilton.com,2019-07-03
206,Roy Villa,trevorblack@gmail.com,2023-06-06
207,Marco Sullivan,jchen@hotmail.com,2020-01-02
208,Victoria Farrell,mary94@yahoo.com,2020-02-07
209,Deborah Moore,andersonsandra@gmail.com,2020-07-09
210,Sandra Richardson,gphillips@hotmail.com,2022-04-27
211,Jesse Houston,jose12@newman.com,2021-06-21
212,Joseph Edwards,gonzalezjennifer@hotmail.com,2022-10-05
213,Christina Villarreal,rcole@roy.biz,2024-04-30
214,Kenneth Byrd,kaylasmith@edwards.com,2021-01-08
215,Amanda Miller,melaniebrown@thomas.net,2019-11-07
216,Mark Aguirre,jamesberger@moore-daniels.biz,2024-04-23
217,Diana Wilson,bradley46@yahoo.com,2022-04-15
218,Vincent Barron,mhamilton@pruitt.com,2023-05-05
219,Maurice Barrett,daniellehouse@smith-andrews.com,2023-09-05
220,Natalie Herring,deanshelby@medina-miller.com,2022-09-02
221,Andrea Dunn,hhayes@palmer.com,2020-03-03
222,Chelsea Clark,boltonmelissa@mitchell.com,2023-06-20
223,James Martinez,victorcarney@vargas.com,2024-03-06
224,Mark Gill,juan41@tran.biz,2024-03-26
225,Alexis Perry,kelleymelissa@gmail.com,2021-05-19
226,Sandra Perez,aleach@gmail.com,2019-05-06
227,Andrew Thompson,jacobdavis@harper.info,2023-10-20
228,Charles Robinson,ktaylor@hotmail.com,2022-11-01
229,Hannah Valencia,leslie43@yahoo.com,2023-11-29
230,Amy Schwartz,wilsonashley@martin.org,2020-12-05
231,Scott Christensen,alyssa48@reed.info,2022-10-07
232,Teresa Hodges,mcphersonjames@harris.com,2020-01-13
233,Cindy Scott,anthonyjarvis@gmail.com,2022-11-22
234,James Chandler,timothyrobinson@griffith.com,2019-09-12
235,Cynthia Perez,robinsonjessica@yahoo.com,2020-04-13
236,Brittney Lane,djohnson@collins-weaver.com,2023-01-11
237,Joshua Henry,ujones@yahoo.com,2024-02-17
238,Philip Yu,sherrytaylor@hotmail.com,2021-04-23
239,Amy Thompson,steven36@howell.com,2019-10-21
240,Diane Brown,justinortiz@hotmail.com,2019-11-01
241,David Schroeder,jamespeterson@hotmail.com,2022-08-23
242,Jeremiah Holland,wolfchristopher@nelson-mckenzie.info,2022-04-04
243,Adam Strickland,ebrown@yahoo.com,2021-12-31
244,Lauren Henderson,zbernard@knox.com,2021-04-23
245,Patricia Richmond,lisa99@lopez.biz,2020-04-23
246,Daniel Huff Jr.,rrandall@hotmail.com,2022-06-23
247,Jessica Roberts,robertdunn@crawford.biz,2023-04-24
248,Kimberly Nunez,hendersonsherri@combs.com,2019-09-24
249,Ryan Jenkins,inichols@ruiz-davis.net,2019-07-12
250,Stacy Smith,mleonard@hotmail.com,2020-08-03
251,Samantha Morris,nancy94@fowler.com,2023-08-01
252,Miguel Fisher,cchavez@gmail.com,2021-12-28
253,Andrew Evans,hillsheri@hotmail.com,2023-01-03
254,Thomas Wilson,brianna71@olson-vasquez.com,2019-12-28
255,Michael Campbell,mkim@francis.com,2022-11-22
256,Joel Weaver,brianbrown@yahoo.com,2019-06-22
257,Karen Bailey,melvinmurphy@lewis.com,2023-04-24
258,Bruce Tran,richard49@johnson-nunez.com,2022-02-05
259,Heather Douglas,harrisshawn@jones-david.biz,2023-07-10
260,Jodi Haynes,aguilarrobin@gmail.com,2021-10-14
261,Thomas Garcia,stephanie45@gregory-schneider.com,2024-03-12
262,Andrew Quinn,solson@baker.com,2024-02-08
263,Deborah Harrington,djohnson@friedman-smith.org,2023-12-21
264,Erin Ramsey,bsmith@rivera-matthews.com,2023-10-05
265,Greg Cohen,ugaines@yahoo.com,2020-02-09
266,Jennifer Baker,ebrown@ryan-james.com,2023-05-06
267,Joann Cunningham,michael23@garza.com,2020-04-22
268,Peter Russell,cummingssamantha@hotmail.com,2024-04-14
269,Michael Cook,zmartinez@wagner.com,2022-05-20
270,Tiffany Richardson,brianmurray@gmail.com,2022-05-17
271,Catherine Young,jose15@delacruz.com,2019-10-15
272,Yesenia Flores,rodriguezchristian@giles-garza.com,2023-09-07
273,Denise Lopez,williamcantu@williams-vega.com,2022-06-07
274,Gloria Johnson,diane39@gmail.com,2019-12-16
275,Gregory Moore,carrollnathan@garcia.com,2019-10-26
276,Sheila Liu,katherinehall@williams.com,2020-07-22
277,Jason Medina,jcruz@mathews.com,2023-10-02
278,John Walker,maryatkins@thomas.info,2023-05-22
279,David Morris,mirandaanthony@williams-george.com,2020-03-26
280,Alexis Krause,johnsonchristopher@santana.biz,2020-04-21
281,Matthew Gardner,sara16@hotmail.com,2019-07-13
282,Gary Meyer,james69@ortiz.com,2019-06-09
283,Daniel Duran,ymacias@gmail.com,2020-09-10
284,Melissa Navarro,jimenezkrista@hotmail.com,2021-08-17
285,Dr. Brenda Flowers,maykimberly@hotmail.com,2019-05-19
286,Russell George,kristinajones@gmail.com,2020-08-10
287,Steven Jones,michael15@hotmail.com,2021-07-17
288,Jose Valdez,vwilliams@yahoo.com,2021-06-22
289,David Cole,grahamjohn@yahoo.com,2020-01-16
290,Benjamin Tran,masonholly@garcia.biz,2022-11-09
291,Sonya Mccoy,bowentammie@yahoo.com,2021-12-12
292,Dr. Carol Freeman DVM,pacejacqueline@burns.net,2024-01-07
293,Mark Melton,samuelsmith@yahoo.com,2019-12-31
294,Nicholas Hill,lwilkinson@thompson-king.net,2023-12-06
295,Paul Willis,phelpsnicholas@wood.com,2022-01-02
296,Jessica Riley,zmccarty@sandoval-romero.com,2024-03-11
297,Andrew Griffith,brian99@gmail.com,2020-12-08
298,Kevin Thompson,xnelson@silva-rush.info,2019-12-18
299,Shawn Garrett,emily21@mitchell.net,2021-03-27
300,Shannon Bryan,tperkins@gmail.com,2021-11-11
